model,num_train,num_test,num_train_0,num_train_1,num_test_0,num_test_1,auroc,aupr,cutoff,tp,tn,fp,fn,accuracy,balanced_accuracy,precision,recall,f1_score,mcc,precision_at_1,precision_at_5,precision_at_10,precision_at_50,precision_at_100
pooled,530,134,0,0,0,0,0.8387426526961411,0.7297086140533985,0.25,37,66,25,6,0.7686567164179104,0.7928699207768974,0.5967741935483871,0.8604651162790697,0.7047619047619048,0.5484001897424998,1.0,1.0,0.9,0.62,0.42
lq_estimators-eos4u6p,530,134,0,0,0,0,0.8297981088678763,0.7279014238637764,0.4,34,65,26,9,0.7388059701492538,0.7524916943521595,0.5666666666666667,0.7906976744186046,0.6601941747572816,0.4740678801320684,1.0,1.0,0.9,0.58,0.42
lq_estimators-eos3l5f,530,134,0,0,0,0,0.8101201124456938,0.6518786649671964,0.55,31,74,17,12,0.7835820895522388,0.7670585228724763,0.6458333333333334,0.7209302325581395,0.6813186813186813,0.5200217612487256,1.0,0.6,0.8,0.62,0.41
lq_estimators-eos8aa5,530,134,0,0,0,0,0.8489649884998722,0.7528143248196711,0.55,27,80,11,16,0.7985074626865671,0.7535139279325326,0.7105263157894737,0.627906976744186,0.6666666666666666,0.5251209306305201,1.0,1.0,0.9,0.64,0.42
lq_estimators-eos4ex3,530,134,0,0,0,0,0.807564528494761,0.6669203104300403,0.55,29,76,15,14,0.7835820895522388,0.754791719907999,0.6590909090909091,0.6744186046511628,0.6666666666666666,0.5065503701740924,1.0,0.8,0.9,0.62,0.39
lq_estimators-eos82v1,530,134,0,0,0,0,0.8231535905954511,0.7177374615180535,0.45,37,57,34,6,0.7014925373134329,0.743419371326348,0.5211267605633803,0.8604651162790697,0.6491228070175439,0.4553450365788527,1.0,1.0,1.0,0.64,0.4
lq_estimators-eos9o72,530,134,0,0,0,0,0.8188090978788654,0.6905190301033399,0.55,35,71,20,8,0.7910447761194029,0.7970866342959366,0.6363636363636364,0.813953488372093,0.7142857142857143,0.5638624095561753,1.0,1.0,0.7,0.62,0.4
