model,num_train,num_test,num_train_0,num_train_1,num_test_0,num_test_1,auroc,aupr,cutoff,tp,tn,fp,fn,accuracy,balanced_accuracy,precision,recall,f1_score,mcc,precision_at_1,precision_at_5,precision_at_10,precision_at_50,precision_at_100
pooled,10504,10504,0,0,0,0,0.9366804309688382,0.8191991823348943,0.35,1429,7988,445,642,0.8965156130997716,0.818617972219803,0.7625400213447172,0.6900048285852245,0.7244613434727503,0.6622030450406661,1.0,1.0,1.0,1.0,1.0
lq_estimators-eos4u6p,10504,10504,0,0,0,0,0.9301221037148957,0.8098077453659195,0.55,1726,7236,1197,345,0.8531987814166032,0.8457357202450675,0.5904892234006158,0.8334138097537421,0.6912294753704445,0.6138718109179605,1.0,1.0,1.0,1.0,0.99
lq_estimators-eos3l5f,10504,10504,0,0,0,0,0.9091562355083037,0.7688205452212058,0.55,1609,7297,1136,462,0.8478674790555979,0.8211052404263836,0.5861566484517304,0.7769193626267503,0.6681893687707641,0.5815464892136989,1.0,1.0,1.0,0.98,0.98
lq_estimators-eos8aa5,10504,10504,0,0,0,0,0.9282788759044437,0.7984327236041926,0.55,1730,7243,1190,341,0.8542460015232293,0.8471164734574107,0.5924657534246576,0.8353452438435538,0.6932478461230215,0.6165179594287363,1.0,1.0,1.0,1.0,0.99
lq_estimators-eos4ex3,10504,10504,0,0,0,0,0.8737169794024452,0.6646509446456492,0.55,1562,6975,1458,509,0.8127380045696877,0.7906664014466174,0.5172185430463576,0.7542250120714631,0.6136318994303673,0.511017259186698,1.0,1.0,1.0,0.96,0.91
lq_estimators-eos82v1,10504,10504,0,0,0,0,0.8631903143378634,0.6566961908920905,0.55,1523,6936,1497,548,0.8053122619954303,0.7789383158973482,0.5043046357615895,0.7353935296957992,0.598310744450992,0.49039824679631916,1.0,1.0,1.0,0.94,0.94
lq_estimators-eos9o72,10504,10504,0,0,0,0,0.9235966426760475,0.7704577360394974,0.55,1689,7262,1171,382,0.8521515613099772,0.8383444004873133,0.5905594405594405,0.8155480444229841,0.6850537416345569,0.6048208203960213,1.0,1.0,1.0,1.0,0.93
