model,num_train,num_test,num_train_0,num_train_1,num_test_0,num_test_1,auroc,aupr,cutoff,tp,tn,fp,fn,accuracy,balanced_accuracy,precision,recall,f1_score,mcc,precision_at_1,precision_at_5,precision_at_10,precision_at_50,precision_at_100
pooled,520,520,0,0,0,0,0.9620189146816365,0.9795667311279213,0.55,328,142,27,23,0.9038461538461539,0.8873548104317335,0.923943661971831,0.9344729344729344,0.9291784702549575,0.7796141469514626,1.0,1.0,1.0,1.0,0.99
lq_estimators-eos4u6p,520,520,0,0,0,0,0.9664525700028659,0.9828651608503876,0.45,326,146,23,25,0.9076923076923077,0.8963401271093578,0.9340974212034384,0.9287749287749287,0.9314285714285714,0.7902858060532408,1.0,1.0,1.0,1.0,1.0
lq_estimators-eos3l5f,520,520,0,0,0,0,0.9325848379102817,0.9640950223170235,0.4,319,136,33,32,0.875,0.8567828183212798,0.90625,0.9088319088319088,0.9075391180654339,0.7146688702363686,1.0,1.0,1.0,1.0,1.0
lq_estimators-eos8aa5,520,520,0,0,0,0,0.9538090662351018,0.9749198951385564,0.35,326,138,31,25,0.8923076923076924,0.8726714880561034,0.9131652661064426,0.9287749287749287,0.9209039548022598,0.7525323313605193,1.0,1.0,1.0,1.0,0.99
lq_estimators-eos4ex3,520,520,0,0,0,0,0.893170822164905,0.9262877641427042,0.6,301,142,27,50,0.8519230769230769,0.848893271970195,0.9176829268292683,0.8575498575498576,0.8865979381443299,0.677223413747256,1.0,1.0,1.0,0.96,0.92
lq_estimators-eos82v1,520,520,0,0,0,0,0.9356529948245924,0.9660078040531452,0.5,315,144,25,36,0.8826923076923077,0.8747534516765286,0.9264705882352942,0.8974358974358975,0.9117221418234442,0.7378988555115865,1.0,1.0,1.0,1.0,1.0
lq_estimators-eos9o72,520,520,0,0,0,0,0.9737183701680743,0.9869793627386791,0.5,328,148,21,23,0.9153846153846154,0.9051062897216744,0.9398280802292264,0.9344729344729344,0.9371428571428572,0.8077651714069205,1.0,1.0,1.0,1.0,1.0
