model,num_train,num_test,num_train_0,num_train_1,num_test_0,num_test_1,auroc,aupr,cutoff,tp,tn,fp,fn,accuracy,balanced_accuracy,precision,recall,f1_score,mcc,precision_at_1,precision_at_5,precision_at_10,precision_at_50,precision_at_100
pooled,531,135,0,0,0,0,0.6654910472056429,0.4477732928439716,0.3,17,81,16,21,0.725925925925926,0.6412099837221921,0.5151515151515151,0.4473684210526316,0.4788732394366197,0.2955398225671048,1.0,0.6,0.6,0.44,0.32
lq_estimators-eos4u6p,531,135,0,0,0,0,0.6747151383613673,0.49771335769405395,0.55,19,71,26,19,0.6666666666666666,0.615979381443299,0.4222222222222222,0.5,0.4578313253012048,0.22128956632645033,0.0,0.8,0.8,0.42,0.32
lq_estimators-eos3l5f,531,135,0,0,0,0,0.7056429734129138,0.4512840209083668,0.55,19,78,19,19,0.7185185185185186,0.6520618556701031,0.5,0.5,0.5,0.30412371134020616,0.0,0.4,0.6,0.4,0.35
lq_estimators-eos8aa5,531,135,0,0,0,0,0.6619641888225719,0.4063851585014527,0.55,19,77,20,19,0.7111111111111111,0.6469072164948453,0.48717948717948717,0.5,0.4935064935064935,0.2915297439267099,0.0,0.4,0.5,0.42,0.31
lq_estimators-eos4ex3,531,135,0,0,0,0,0.6142159522517634,0.37986860297077035,0.55,15,75,22,23,0.6666666666666666,0.5839663591969615,0.40540540540540543,0.39473684210526316,0.4,0.16931642251644335,1.0,0.4,0.5,0.38,0.31
lq_estimators-eos82v1,531,135,0,0,0,0,0.6285946825827455,0.34712115226824913,0.55,19,73,24,19,0.6814814814814815,0.6262886597938144,0.4418604651162791,0.5,0.4691358024691358,0.2438057107712451,0.0,0.4,0.3,0.38,0.34
lq_estimators-eos9o72,531,135,0,0,0,0,0.6269669017905589,0.3728009154135935,0.55,22,62,35,16,0.6222222222222222,0.6090613130765057,0.38596491228070173,0.5789473684210527,0.4631578947368421,0.19860658969169584,0.0,0.4,0.5,0.38,0.31
