model,num_train,num_test,num_train_0,num_train_1,num_test_0,num_test_1,auroc,aupr,cutoff,tp,tn,fp,fn,accuracy,balanced_accuracy,precision,recall,f1_score,mcc,precision_at_1,precision_at_5,precision_at_10,precision_at_50,precision_at_100
pooled,1581,1581,0,0,0,0,0.9763569469125791,0.9925273039863935,0.6,1142,343,46,50,0.9392789373814042,0.9199008816273011,0.9612794612794613,0.9580536912751678,0.9596638655462185,0.8369224447433982,1.0,1.0,1.0,1.0,1.0
lq_estimators-eos4u6p,1581,1581,0,0,0,0,0.9703992771001191,0.9905441029096429,0.4,1126,341,48,66,0.9278937381404174,0.9106187781439243,0.959114139693356,0.9446308724832215,0.9518174133558749,0.80900364307368,1.0,1.0,1.0,1.0,1.0
lq_estimators-eos3l5f,1581,1581,0,0,0,0,0.9431686823898828,0.9786408837549505,0.4,1118,314,75,74,0.9057558507273877,0.8725587032659892,0.9371332774518022,0.9379194630872483,0.9375262054507337,0.745764236495879,1.0,1.0,1.0,1.0,1.0
lq_estimators-eos8aa5,1581,1581,0,0,0,0,0.973898397198116,0.9916779275862821,0.4,1146,336,53,46,0.937381404174573,0.9125813046703818,0.9557964970809008,0.9614093959731543,0.958594730238394,0.830254419176617,1.0,1.0,1.0,1.0,1.0
lq_estimators-eos4ex3,1581,1581,0,0,0,0,0.9506079518986905,0.9816059764167268,0.4,1127,313,76,65,0.9108159392789373,0.8750485240075223,0.9368246051537822,0.9454697986577181,0.9411273486430063,0.7574459906255512,1.0,1.0,1.0,1.0,1.0
lq_estimators-eos82v1,1581,1581,0,0,0,0,0.9594716706060973,0.9859451048071097,0.4,1131,322,67,61,0.9190385831752056,0.8882944997498318,0.9440734557595993,0.9488255033557047,0.9464435146443515,0.7806859559693055,1.0,1.0,1.0,1.0,1.0
lq_estimators-eos9o72,1581,1581,0,0,0,0,0.9765316333396594,0.9923168473146626,0.5,1133,357,32,59,0.9424414927261227,0.9341205724538915,0.9725321888412017,0.950503355704698,0.9613915994908783,0.8492658541517498,1.0,1.0,1.0,1.0,1.0
