model,num_train,num_test,num_train_0,num_train_1,num_test_0,num_test_1,auroc,aupr,cutoff,tp,tn,fp,fn,accuracy,balanced_accuracy,precision,recall,f1_score,mcc,precision_at_1,precision_at_5,precision_at_10,precision_at_50,precision_at_100
pooled,5802,1453,0,0,0,0,0.8465540915368001,0.872385259941801,0.5,759,377,210,107,0.7818306951135582,0.7593460701653612,0.7832817337461301,0.8764434180138568,0.8272479564032698,0.5400116068553688,1.0,1.0,1.0,0.96,0.94
lq_estimators-eos4u6p,5802,1453,0,0,0,0,0.8024577941621978,0.8471480573224887,0.45,717,358,229,149,0.7398485891259463,0.7189126611611868,0.7579281183932347,0.8279445727482679,0.7913907284768212,0.4507433465908901,1.0,1.0,1.0,0.96,0.94
lq_estimators-eos3l5f,5802,1453,0,0,0,0,0.8306907554363008,0.8776460901412539,0.45,734,369,218,132,0.7591190640055059,0.7380975799756857,0.7710084033613446,0.8475750577367206,0.8074807480748075,0.4916155783957899,1.0,1.0,1.0,1.0,0.98
lq_estimators-eos8aa5,5802,1453,0,0,0,0,0.8482989798206719,0.8753515631830391,0.5,705,427,160,161,0.779077770130764,0.7707576788854748,0.815028901734104,0.8140877598152425,0.8145580589254766,0.5413673476202641,1.0,1.0,1.0,0.98,0.94
lq_estimators-eos4ex3,5802,1453,0,0,0,0,0.8046502157995994,0.8480232754426683,0.45,691,393,194,175,0.7460426703372333,0.7337137202906705,0.7807909604519774,0.7979214780600462,0.7892632781267847,0.47005253342420306,1.0,1.0,1.0,0.96,0.95
lq_estimators-eos82v1,5802,1453,0,0,0,0,0.8134661310692408,0.8581367806128448,0.5,697,395,192,169,0.7515485203028217,0.7388815010367036,0.7840269966254219,0.8048498845265589,0.7943019943019943,0.48106092181408566,1.0,1.0,1.0,0.98,0.98
lq_estimators-eos9o72,5802,1453,0,0,0,0,0.8466544176951738,0.8729446331909055,0.45,744,403,184,122,0.7894012388162422,0.7728320697483191,0.8017241379310345,0.859122401847575,0.8294314381270903,0.5573779323057743,1.0,1.0,0.9,0.94,0.96
