model,num_train,num_test,num_train_0,num_train_1,num_test_0,num_test_1,auroc,aupr,cutoff,tp,tn,fp,fn,accuracy,balanced_accuracy,precision,recall,f1_score,mcc,precision_at_1,precision_at_5,precision_at_10,precision_at_50,precision_at_100
pooled,9673,9673,0,0,0,0,0.9319141716519236,0.866388363729935,0.45,2672,5751,647,603,0.8707743202729247,0.8573762554615111,0.8050617655920458,0.8158778625954198,0.8104337276311798,0.7124530143665945,1.0,1.0,1.0,0.98,0.96
lq_estimators-eos4u6p,9673,9673,0,0,0,0,0.9280564537104868,0.8649509602226695,0.55,2737,5502,896,538,0.8517523002170991,0.8478407135817729,0.7533718689788054,0.8357251908396947,0.7924145917776491,0.6798091579252411,1.0,1.0,1.0,1.0,0.99
lq_estimators-eos3l5f,9673,9673,0,0,0,0,0.9306542836621177,0.8747373440735892,0.55,2777,5532,866,498,0.8589889382818153,0.8562920664616089,0.762283832006588,0.8479389312977099,0.8028331887828852,0.6959462131505146,1.0,1.0,1.0,1.0,1.0
lq_estimators-eos8aa5,9673,9673,0,0,0,0,0.9243051621570673,0.8547093990672421,0.55,2807,5426,972,468,0.8511320169544092,0.852588380433771,0.7427890976448795,0.8570992366412213,0.7958605046781968,0.6839624353166635,1.0,1.0,0.9,0.92,0.94
lq_estimators-eos4ex3,9673,9673,0,0,0,0,0.8877390596775232,0.78274438354358,0.55,2554,5377,1021,721,0.8199110927323477,0.8101331045722782,0.7144055944055944,0.7798473282442748,0.7456934306569343,0.6080988180369212,1.0,1.0,0.9,0.9,0.92
lq_estimators-eos82v1,9673,9673,0,0,0,0,0.8754456903278457,0.765302655460925,0.55,2524,5286,1112,751,0.8074020469347669,0.7984413545263429,0.6941694169416942,0.7706870229007634,0.7304297496744321,0.5831687491263773,1.0,0.8,0.9,0.9,0.89
lq_estimators-eos9o72,9673,9673,0,0,0,0,0.9260907392338732,0.8568804101176828,0.55,2744,5493,905,531,0.8515455391295358,0.8482060710766007,0.7519868457111537,0.8378625954198473,0.7926054303870596,0.6799307635485157,1.0,1.0,0.9,0.98,0.99
