benchmark,score
tdcommons/bioavailability-ma,0.6523112736947123
tdcommons/hia-hou,0.9637860082304527
tdcommons/pgp-broccatelli,0.9087576646227672
tdcommons/bbb-martins,0.8796318011257036
tdcommons/cyp2c9-veith,0.7556354261754129
tdcommons/cyp2d6-veith,0.6579678187265646
tdcommons/cyp3a4-veith,0.8247394386855669
tdcommons/cyp2c9-substrate-carbonmangels,0.4996609090307164
tdcommons/cyp2d6-substrate-carbonmangels,0.5957205552046243
tdcommons/cyp3a4-substrate-carbonmangels,0.6551763110307415
tdcommons/herg,0.7977908689248896
tdcommons/ames,0.8248506922007479
tdcommons/dili,0.8682608695652173
