model,num_train,num_test,num_train_0,num_train_1,num_test_0,num_test_1,auroc,aupr,cutoff,tp,tn,fp,fn,accuracy,balanced_accuracy,precision,recall,f1_score,mcc,precision_at_1,precision_at_5,precision_at_10,precision_at_50,precision_at_100
pooled,9673,2419,0,0,0,0,0.9077402282374994,0.808294932380422,0.45,577,1460,189,193,0.8420835055808186,0.817367865609224,0.7532637075718016,0.7493506493506493,0.7513020833333334,0.6356203975068114,1.0,1.0,0.9,0.88,0.92
lq_estimators-eos4u6p,9673,2419,0,0,0,0,0.8916525560552243,0.7967184124332091,0.55,583,1400,249,187,0.81976023150062,0.8030711253573595,0.7007211538461539,0.7571428571428571,0.7278401997503121,0.5944018071583553,1.0,1.0,1.0,0.92,0.93
lq_estimators-eos3l5f,9673,2419,0,0,0,0,0.914716514534586,0.8301050741623458,0.55,637,1410,239,133,0.8462174452252997,0.8411682011136226,0.7271689497716894,0.8272727272727273,0.7739975698663426,0.6613315097134318,1.0,1.0,1.0,0.98,0.96
lq_estimators-eos8aa5,9673,2419,0,0,0,0,0.8821607743378512,0.7611474694450455,0.55,615,1354,295,155,0.8139727159983464,0.809902498956471,0.6758241758241759,0.7987012987012987,0.7321428571428571,0.5959988864174725,1.0,0.8,0.8,0.86,0.89
lq_estimators-eos4ex3,9673,2419,0,0,0,0,0.8656761673741662,0.7208471289091385,0.55,580,1360,289,190,0.801984291029351,0.7889945106439952,0.667433831990794,0.7532467532467533,0.7077486272117145,0.5611765855782184,1.0,1.0,0.9,0.88,0.83
lq_estimators-eos82v1,9673,2419,0,0,0,0,0.8650335110614068,0.717903204530549,0.55,575,1335,314,195,0.7895824720959074,0.7781674056689217,0.6467941507311586,0.7467532467532467,0.6931886678722122,0.5375208690740724,1.0,0.6,0.7,0.78,0.81
lq_estimators-eos9o72,9673,2419,0,0,0,0,0.8885960007245636,0.7563521866974706,0.55,592,1383,266,178,0.8164530797850351,0.8037606420262575,0.6899766899766899,0.7688311688311689,0.7272727272727273,0.5915236222382375,0.0,0.6,0.8,0.86,0.85
