model,num_train,num_test,num_train_0,num_train_1,num_test_0,num_test_1,auroc,aupr,cutoff,tp,tn,fp,fn,accuracy,balanced_accuracy,precision,recall,f1_score,mcc,precision_at_1,precision_at_5,precision_at_10,precision_at_50,precision_at_100
pooled,530,530,0,0,0,0,0.9266661949908023,0.843930934004507,0.25,137,299,83,11,0.8226415094339623,0.8541990943823404,0.6227272727272727,0.9256756756756757,0.7445652173913043,0.6449822960132018,1.0,1.0,1.0,0.98,0.89
lq_estimators-eos4u6p,530,530,0,0,0,0,0.9225626149709919,0.8240159628244216,0.4,127,303,79,21,0.8113207547169812,0.8256509126927976,0.616504854368932,0.8581081081081081,0.7175141242937854,0.5994303377446354,1.0,1.0,1.0,0.94,0.84
lq_estimators-eos3l5f,530,530,0,0,0,0,0.859027876043583,0.711586295225205,0.55,112,309,73,36,0.7943396226415095,0.7828286401584832,0.6054054054054054,0.7567567567567568,0.6726726726726727,0.5323785003167167,1.0,1.0,1.0,0.82,0.73
lq_estimators-eos8aa5,530,530,0,0,0,0,0.9170086316683176,0.830995882655437,0.55,108,345,37,40,0.8547169811320755,0.8164355454931371,0.7448275862068966,0.7297297297297297,0.7372013651877133,0.6368885353478121,1.0,1.0,1.0,0.96,0.86
lq_estimators-eos4ex3,530,530,0,0,0,0,0.8341233904061128,0.6064495624667237,0.55,106,322,60,42,0.8075471698113208,0.7795740766944955,0.6385542168674698,0.7162162162162162,0.6751592356687898,0.540859793826822,1.0,0.6,0.6,0.68,0.7
lq_estimators-eos82v1,530,530,0,0,0,0,0.8569583981887647,0.7187165508362499,0.45,123,289,93,25,0.7773584905660378,0.7938127918494411,0.5694444444444444,0.831081081081081,0.6758241758241759,0.5365022345168803,1.0,1.0,1.0,0.84,0.75
lq_estimators-eos9o72,530,530,0,0,0,0,0.9485637469930663,0.8789544854520539,0.55,138,311,71,10,0.8471698113207548,0.8732842790434414,0.6602870813397129,0.9324324324324325,0.773109243697479,0.6853407814801652,1.0,1.0,1.0,0.94,0.89
