model,num_train,num_test,num_train_0,num_train_1,num_test_0,num_test_1,auroc,aupr,cutoff,tp,tn,fp,fn,accuracy,balanced_accuracy,precision,recall,f1_score,mcc,precision_at_1,precision_at_5,precision_at_10,precision_at_50,precision_at_100
pooled,531,531,0,0,0,0,0.9841665910534434,0.9482048794952066,0.35,83,421,7,20,0.9491525423728814,0.8947350512657654,0.9222222222222223,0.8058252427184466,0.8601036269430051,0.8320235811362344,1.0,1.0,1.0,1.0,0.87
lq_estimators-eos4u6p,531,531,0,0,0,0,0.9884765447781508,0.9543590184726172,0.55,101,389,39,2,0.9227871939736346,0.944730514472371,0.7214285714285714,0.9805825242718447,0.831275720164609,0.7982060677987022,1.0,1.0,1.0,0.98,0.89
lq_estimators-eos3l5f,531,531,0,0,0,0,0.8697259776789765,0.5716900793397716,0.55,71,369,59,32,0.8286252354048964,0.7757349605298975,0.5461538461538461,0.6893203883495146,0.6094420600858369,0.5071290207403351,1.0,0.6,0.7,0.68,0.58
lq_estimators-eos8aa5,531,531,0,0,0,0,0.9488930224117594,0.8190768531839063,0.55,94,348,80,9,0.832391713747646,0.8628527356864168,0.5402298850574713,0.912621359223301,0.6787003610108303,0.6113531610030014,1.0,1.0,1.0,0.9,0.77
lq_estimators-eos4ex3,531,531,0,0,0,0,0.8528717902186734,0.558317823662509,0.55,79,340,88,24,0.7890772128060264,0.7806914073133109,0.47305389221556887,0.7669902912621359,0.5851851851851851,0.47806911003348823,1.0,0.8,0.7,0.64,0.53
lq_estimators-eos82v1,531,531,0,0,0,0,0.9148443879865712,0.7338416341470756,0.55,85,336,92,18,0.7928436911487758,0.8051447237092823,0.480225988700565,0.8252427184466019,0.6071428571428571,0.5119034933092452,1.0,1.0,1.0,0.8,0.67
lq_estimators-eos9o72,531,531,0,0,0,0,0.9727338716994828,0.8982330788362418,0.55,103,326,102,0,0.807909604519774,0.8808411214953271,0.5024390243902439,1.0,0.6688311688311688,0.6186266103746242,1.0,1.0,1.0,0.94,0.83
