model,num_train,num_test,num_train_0,num_train_1,num_test_0,num_test_1,auroc,aupr,cutoff,tp,tn,fp,fn,accuracy,balanced_accuracy,precision,recall,f1_score,mcc,precision_at_1,precision_at_5,precision_at_10,precision_at_50,precision_at_100
pooled,520,128,0,0,0,0,0.8876953125,0.9532059856530823,0.65,90,20,12,6,0.859375,0.78125,0.8823529411764706,0.9375,0.9090909090909091,0.6054055145966812,1.0,1.0,1.0,0.96,0.88
lq_estimators-eos4u6p,520,128,0,0,0,0,0.85498046875,0.9345054617593039,0.35,92,14,18,4,0.828125,0.6979166666666667,0.8363636363636363,0.9583333333333334,0.8932038834951457,0.4930493313022979,1.0,1.0,1.0,0.94,0.87
lq_estimators-eos3l5f,520,128,0,0,0,0,0.8860677083333333,0.9609845788807654,0.4,85,19,13,11,0.8125,0.7395833333333333,0.8673469387755102,0.8854166666666666,0.8762886597938144,0.48980536649995393,1.0,1.0,1.0,0.98,0.86
lq_estimators-eos8aa5,520,128,0,0,0,0,0.8658854166666666,0.9309137337479105,0.35,95,17,15,1,0.875,0.7604166666666667,0.8636363636363636,0.9895833333333334,0.9223300970873787,0.6487491201346025,1.0,1.0,1.0,0.96,0.89
lq_estimators-eos4ex3,520,128,0,0,0,0,0.8396809895833334,0.9364485830434426,0.6,86,21,11,10,0.8359375,0.7760416666666667,0.8865979381443299,0.8958333333333334,0.8911917098445595,0.5580184111368727,1.0,1.0,1.0,0.92,0.88
lq_estimators-eos82v1,520,128,0,0,0,0,0.8338216145833333,0.926811314935834,0.5,88,20,12,8,0.84375,0.7708333333333333,0.88,0.9166666666666666,0.8979591836734694,0.5673665146135802,1.0,1.0,1.0,0.92,0.88
lq_estimators-eos9o72,520,128,0,0,0,0,0.8606770833333333,0.9398618914276904,0.6,88,21,11,8,0.8515625,0.7864583333333333,0.8888888888888888,0.9166666666666666,0.9025641025641026,0.5926325018489662,1.0,1.0,1.0,0.92,0.89
