model,num_train,num_test,num_train_0,num_train_1,num_test_0,num_test_1,auroc,aupr,cutoff,tp,tn,fp,fn,accuracy,balanced_accuracy,precision,recall,f1_score,mcc,precision_at_1,precision_at_5,precision_at_10,precision_at_50,precision_at_100
pooled,967,967,0,0,0,0,0.9815255025580074,0.9864840569913493,0.5,498,410,34,25,0.9389865563598759,0.937811138097945,0.9360902255639098,0.9521988527724665,0.9440758293838862,0.8771193389222426,1.0,1.0,1.0,1.0,1.0
lq_estimators-eos4u6p,967,967,0,0,0,0,0.982416929357656,0.9872534470434178,0.5,492,420,24,31,0.9431230610134437,0.9433362616919022,0.9534883720930233,0.9407265774378585,0.9470644850818094,0.8857118563667317,1.0,1.0,1.0,1.0,1.0
lq_estimators-eos3l5f,967,967,0,0,0,0,0.9755094482627944,0.9819555960403585,0.45,489,411,33,34,0.9307135470527405,0.930333057723115,0.9367816091954023,0.9349904397705545,0.9358851674641149,0.8605216029974301,1.0,1.0,1.0,1.0,1.0
lq_estimators-eos8aa5,967,967,0,0,0,0,0.9791354451966306,0.9853717819962675,0.55,473,419,25,50,0.922440537745605,0.9240456996193134,0.9497991967871486,0.904397705544933,0.9265426052889324,0.8456368419557281,1.0,1.0,1.0,1.0,1.0
lq_estimators-eos4ex3,967,967,0,0,0,0,0.9591106402769883,0.9673806433097105,0.45,484,392,52,39,0.905894519131334,0.9041565466039654,0.9029850746268657,0.9254302103250478,0.9140698772426817,0.8104027632956218,1.0,1.0,1.0,1.0,1.0
lq_estimators-eos82v1,967,967,0,0,0,0,0.9620777565328235,0.9706218230633767,0.5,472,405,39,51,0.9069286452947259,0.907323910908997,0.923679060665362,0.9024856596558317,0.9129593810444874,0.8132411741849754,1.0,1.0,1.0,1.0,1.0
lq_estimators-eos9o72,967,967,0,0,0,0,0.9862754724131397,0.98907700250071,0.45,494,413,31,29,0.937952430196484,0.9373654246981207,0.940952380952381,0.9445506692160612,0.9427480916030534,0.8750361320379619,1.0,1.0,1.0,1.0,1.0
