model,num_train,num_test,num_train_0,num_train_1,num_test_0,num_test_1,auroc,aupr,cutoff,tp,tn,fp,fn,accuracy,balanced_accuracy,precision,recall,f1_score,mcc,precision_at_1,precision_at_5,precision_at_10,precision_at_50,precision_at_100
pooled,9861,9861,0,0,0,0,0.9456230524848264,0.9192986832588179,0.45,3542,5058,775,486,0.8721225027887638,0.8732399263785424,0.8204771832290942,0.8793445878848064,0.8488915518274416,0.7396157908109307,1.0,1.0,1.0,1.0,1.0
lq_estimators-eos4u6p,9861,9861,0,0,0,0,0.9454389733037944,0.9251664208794981,0.55,3476,5096,737,552,0.8692830341750329,0.8683046039288498,0.825065274151436,0.8629592850049652,0.8435869433321199,0.7319556861910478,1.0,1.0,1.0,1.0,1.0
lq_estimators-eos3l5f,9861,9861,0,0,0,0,0.9238189692553294,0.8883240815192108,0.55,3364,5017,816,664,0.8499138018456546,0.8476301071651533,0.8047846889952153,0.8351539225422046,0.8196881091617934,0.6915722549812778,1.0,1.0,0.9,0.98,0.99
lq_estimators-eos8aa5,9861,9861,0,0,0,0,0.9369422188006431,0.9099889183264385,0.55,3446,5016,817,582,0.8581279789068046,0.8577231367398892,0.8083509265775276,0.8555114200595829,0.8312628151007116,0.7098942061970479,1.0,1.0,1.0,1.0,0.99
lq_estimators-eos4ex3,9861,9861,0,0,0,0,0.8858240473721495,0.8270629567130192,0.5,3363,4533,1300,665,0.8007301490721023,0.8060178910492999,0.7212095217671027,0.8349056603773585,0.7739040386606835,0.6025827393002013,1.0,1.0,1.0,1.0,0.99
lq_estimators-eos82v1,9861,9861,0,0,0,0,0.8902090475534622,0.8416676103644976,0.55,3192,4778,1055,836,0.8082344589798195,0.8057926760235357,0.7515893571933129,0.7924528301886793,0.7714803625377643,0.6071142962154974,1.0,1.0,1.0,1.0,0.99
lq_estimators-eos9o72,9861,9861,0,0,0,0,0.9347394400690111,0.9025570231629821,0.55,3438,5025,808,590,0.8582293885001521,0.8575015607360852,0.8097032501177579,0.8535253227408143,0.8310369833212473,0.7097963826878428,1.0,1.0,1.0,1.0,1.0
