model,num_train,num_test,num_train_0,num_train_1,num_test_0,num_test_1,auroc,aupr,cutoff,tp,tn,fp,fn,accuracy,balanced_accuracy,precision,recall,f1_score,mcc,precision_at_1,precision_at_5,precision_at_10,precision_at_50,precision_at_100
pooled,533,533,0,0,0,0,0.8553685219646985,0.8619910913669888,0.5,224,184,73,52,0.7654784240150094,0.7637737551457735,0.7542087542087542,0.8115942028985508,0.7818499127399651,0.5306992261104887,1.0,1.0,1.0,0.96,0.92
lq_estimators-eos4u6p,533,533,0,0,0,0,0.8934613432583319,0.9052133490014563,0.5,205,223,34,71,0.8030018761726079,0.8052289516720239,0.8577405857740585,0.7427536231884058,0.7961165048543689,0.6133441222793009,1.0,1.0,1.0,1.0,0.98
lq_estimators-eos3l5f,533,533,0,0,0,0,0.7777730784413242,0.7883996167048797,0.55,154,217,40,122,0.6960600375234521,0.701164495573225,0.7938144329896907,0.5579710144927537,0.6553191489361702,0.4178320184198962,1.0,1.0,1.0,0.88,0.86
lq_estimators-eos8aa5,533,533,0,0,0,0,0.8658151469012575,0.8648907250344919,0.45,233,193,64,43,0.799249530956848,0.7975878305983195,0.7845117845117845,0.8442028985507246,0.8132635253054101,0.5987314064325628,1.0,1.0,1.0,0.96,0.93
lq_estimators-eos4ex3,533,533,0,0,0,0,0.7958608244515875,0.7907771072516617,0.45,198,198,59,78,0.7429643527204502,0.7439096599560142,0.7704280155642024,0.717391304347826,0.7429643527204502,0.4878193199120284,1.0,1.0,1.0,0.9,0.83
lq_estimators-eos82v1,533,533,0,0,0,0,0.7901652286697118,0.7966280241842505,0.45,228,160,97,48,0.7279549718574109,0.7243275249534766,0.7015384615384616,0.8260869565217391,0.7587354409317804,0.4595791474005616,1.0,1.0,1.0,0.92,0.84
lq_estimators-eos9o72,533,533,0,0,0,0,0.8731884057971014,0.876220806090565,0.45,243,191,66,33,0.8142589118198874,0.8118127220436475,0.7864077669902912,0.8804347826086957,0.8307692307692308,0.631308562912453,1.0,1.0,1.0,0.92,0.93
