model,num_train,num_test,num_train_0,num_train_1,num_test_0,num_test_1,auroc,aupr,cutoff,tp,tn,fp,fn,accuracy,balanced_accuracy,precision,recall,f1_score,mcc,precision_at_1,precision_at_5,precision_at_10,precision_at_50,precision_at_100
pooled,533,134,0,0,0,0,0.6522435897435896,0.6892337933039133,0.5,61,26,30,17,0.6492537313432836,0.6231684981684982,0.6703296703296703,0.782051282051282,0.7218934911242604,0.26026515802372835,1.0,0.8,0.7,0.68,0.67
lq_estimators-eos4u6p,533,134,0,0,0,0,0.6626602564102564,0.7115267851624958,0.5,51,33,23,27,0.6268656716417911,0.6215659340659341,0.6891891891891891,0.6538461538461539,0.6710526315789473,0.24115247128013098,1.0,0.8,0.7,0.78,0.64
lq_estimators-eos3l5f,533,134,0,0,0,0,0.6538461538461539,0.7004943730450475,0.55,39,34,22,39,0.5447761194029851,0.5535714285714286,0.639344262295082,0.5,0.5611510791366906,0.10611534506945204,1.0,1.0,0.9,0.68,0.67
lq_estimators-eos8aa5,533,134,0,0,0,0,0.6371336996336996,0.6952500497218251,0.45,55,27,29,23,0.6119402985074627,0.5936355311355311,0.6547619047619048,0.7051282051282052,0.6790123456790124,0.1909797601702792,1.0,1.0,0.8,0.64,0.66
lq_estimators-eos4ex3,533,134,0,0,0,0,0.6244276556776557,0.6547855207381611,0.45,58,25,31,20,0.6194029850746269,0.5950091575091575,0.651685393258427,0.7435897435897436,0.6946107784431138,0.19844287817009165,1.0,0.6,0.7,0.7,0.66
lq_estimators-eos82v1,533,134,0,0,0,0,0.6168727106227107,0.646116825322403,0.45,66,20,36,12,0.6417910447761194,0.6016483516483516,0.6470588235294118,0.8461538461538461,0.7333333333333333,0.23517793673367618,0.0,0.6,0.6,0.7,0.64
lq_estimators-eos9o72,533,134,0,0,0,0,0.6252289377289377,0.667323335057185,0.45,64,23,33,14,0.6492537313432836,0.6156135531135531,0.6597938144329897,0.8205128205128205,0.7314285714285714,0.25508993889714077,1.0,0.6,0.7,0.68,0.64
