model,num_train,num_test,num_train_0,num_train_1,num_test_0,num_test_1,auroc,aupr,cutoff,tp,tn,fp,fn,accuracy,balanced_accuracy,precision,recall,f1_score,mcc,precision_at_1,precision_at_5,precision_at_10,precision_at_50,precision_at_100
pooled,379,379,0,0,0,0,0.9674912251378908,0.9696790317808717,0.5,169,178,15,17,0.9155672823218998,0.9154409716418741,0.9184782608695652,0.9086021505376344,0.9135135135135135,0.8310903323544373,1.0,1.0,1.0,1.0,1.0
lq_estimators-eos4u6p,379,379,0,0,0,0,0.9844838152543316,0.9856081695218866,0.5,176,174,19,10,0.9234828496042217,0.9238954816424314,0.9025641025641026,0.946236559139785,0.9238845144356955,0.8480035932167145,1.0,1.0,1.0,1.0,1.0
lq_estimators-eos3l5f,379,379,0,0,0,0,0.9426151874756254,0.9408274363657531,0.4,173,158,35,13,0.8733509234828496,0.8743801883113265,0.8317307692307693,0.9301075268817204,0.8781725888324873,0.7522258573938728,1.0,1.0,1.0,1.0,0.98
lq_estimators-eos8aa5,379,379,0,0,0,0,0.9769903615800324,0.9762600398364658,0.5,169,180,13,17,0.920844327176781,0.9206223187921332,0.9285714285714286,0.9086021505376344,0.9184782608695652,0.841760666686937,1.0,1.0,1.0,1.0,0.99
lq_estimators-eos4ex3,379,379,0,0,0,0,0.9362081453005738,0.9387245347915407,0.4,163,170,23,23,0.8786279683377308,0.8785865507827735,0.8763440860215054,0.8763440860215054,0.8763440860215054,0.7571731015655468,1.0,1.0,1.0,1.0,0.96
lq_estimators-eos82v1,379,379,0,0,0,0,0.9654855423700485,0.9678149149183952,0.55,166,179,14,20,0.9102902374670184,0.9099671290879714,0.9222222222222223,0.8924731182795699,0.907103825136612,0.8208264984563657,1.0,1.0,1.0,1.0,0.99
lq_estimators-eos9o72,379,379,0,0,0,0,0.9811688673463703,0.9820948210366237,0.5,169,184,9,17,0.9313984168865436,0.9309850130926514,0.949438202247191,0.9086021505376344,0.9285714285714286,0.8634143469472102,1.0,1.0,1.0,1.0,1.0
