model,num_train,num_test,num_train_0,num_train_1,num_test_0,num_test_1,auroc,aupr,cutoff,tp,tn,fp,fn,accuracy,balanced_accuracy,precision,recall,f1_score,mcc,precision_at_1,precision_at_5,precision_at_10,precision_at_50,precision_at_100
pooled,5802,5802,0,0,0,0,0.9186168604065047,0.9203186983136447,0.5,2747,2170,547,338,0.8474663908996898,0.8445563052489606,0.8339404978749241,0.8904376012965964,0.8612635209280451,0.6941239624401598,1.0,1.0,1.0,1.0,0.99
lq_estimators-eos4u6p,5802,5802,0,0,0,0,0.9051457030557943,0.911525661782257,0.45,2659,2110,607,426,0.8219579455360221,0.8192521544820445,0.8141457440293938,0.8619124797406807,0.8373484490631397,0.6423230706090467,1.0,1.0,1.0,1.0,1.0
lq_estimators-eos3l5f,5802,5802,0,0,0,0,0.888701369431558,0.8951078910582975,0.45,2629,2112,605,456,0.8171320234401931,0.8147579708528272,0.8129251700680272,0.8521880064829822,0.8320936857097642,0.6324287701944502,1.0,1.0,1.0,1.0,0.98
lq_estimators-eos8aa5,5802,5802,0,0,0,0,0.9246926578496995,0.9307005558835689,0.5,2619,2324,393,466,0.8519476042743881,0.8521508432708638,0.8695219123505976,0.8489465153970827,0.8591110382155158,0.7033986757518186,1.0,1.0,1.0,1.0,1.0
lq_estimators-eos4ex3,5802,5802,0,0,0,0,0.8933043583559663,0.8987907743148376,0.45,2616,2153,564,469,0.8219579455360221,0.8201960881394473,0.8226415094339623,0.8479740680713128,0.8351157222665603,0.6420790756845539,1.0,1.0,1.0,1.0,1.0
lq_estimators-eos82v1,5802,5802,0,0,0,0,0.8775791299036202,0.8834457569853402,0.5,2472,2162,555,613,0.7986901068597035,0.7985135908193146,0.8166501486620417,0.8012965964343598,0.8089005235602095,0.5963878724070161,1.0,1.0,1.0,1.0,1.0
lq_estimators-eos9o72,5802,5802,0,0,0,0,0.9359665328274045,0.940819596853045,0.45,2729,2263,454,356,0.860392967942089,0.8587534277545367,0.8573672635878102,0.8846029173419773,0.8707721761327377,0.7194695031748023,1.0,1.0,1.0,1.0,1.0
