model,num_train,num_test,num_train_0,num_train_1,num_test_0,num_test_1,auroc,aupr,cutoff,tp,tn,fp,fn,accuracy,balanced_accuracy,precision,recall,f1_score,mcc,precision_at_1,precision_at_5,precision_at_10,precision_at_50,precision_at_100
pooled,379,96,0,0,0,0,0.9395652173913044,0.9307688206173946,0.5,44,38,8,6,0.8541666666666666,0.8530434782608696,0.8461538461538461,0.88,0.8627450980392157,0.7079361616697484,1.0,1.0,1.0,0.86,0.5208333333333334
lq_estimators-eos4u6p,379,96,0,0,0,0,0.9565217391304347,0.9687549241711606,0.5,47,39,7,3,0.8958333333333334,0.8939130434782608,0.8703703703703703,0.94,0.9038461538461539,0.7933644756140279,1.0,1.0,1.0,0.9,0.5208333333333334
lq_estimators-eos3l5f,379,96,0,0,0,0,0.8882608695652173,0.9022014736079358,0.4,44,34,12,6,0.8125,0.8095652173913044,0.7857142857142857,0.88,0.8301886792452831,0.6273675653967149,1.0,1.0,1.0,0.84,0.5208333333333334
lq_estimators-eos8aa5,379,96,0,0,0,0,0.9030434782608696,0.9081103160392232,0.5,45,34,12,5,0.8229166666666666,0.8195652173913044,0.7894736842105263,0.9,0.8411214953271028,0.6501052681741611,1.0,1.0,1.0,0.84,0.5208333333333334
lq_estimators-eos4ex3,379,96,0,0,0,0,0.9078260869565218,0.910728957597954,0.4,45,37,9,5,0.8541666666666666,0.8521739130434782,0.8333333333333334,0.9,0.8653846153846154,0.7092993656151906,1.0,1.0,1.0,0.86,0.5208333333333334
lq_estimators-eos82v1,379,96,0,0,0,0,0.9191304347826088,0.9177814507091518,0.55,45,37,9,5,0.8541666666666666,0.8521739130434782,0.8333333333333334,0.9,0.8653846153846154,0.7092993656151906,1.0,1.0,1.0,0.84,0.5208333333333334
lq_estimators-eos9o72,379,96,0,0,0,0,0.9134782608695652,0.9046536432448959,0.5,44,38,8,6,0.8541666666666666,0.8530434782608696,0.8461538461538461,0.88,0.8627450980392157,0.7079361616697484,1.0,1.0,1.0,0.84,0.5208333333333334
