model,num_train,num_test,num_train_0,num_train_1,num_test_0,num_test_1,auroc,aupr,cutoff,tp,tn,fp,fn,accuracy,balanced_accuracy,precision,recall,f1_score,mcc,precision_at_1,precision_at_5,precision_at_10,precision_at_50,precision_at_100
pooled,1581,394,0,0,0,0,0.9488993710691824,0.987414427126369,0.6,291,61,15,27,0.8934010152284264,0.858862959285005,0.9509803921568627,0.9150943396226415,0.9326923076923077,0.6799499350124373,1.0,1.0,1.0,1.0,1.0
lq_estimators-eos4u6p,1581,394,0,0,0,0,0.9371896722939425,0.9842911453335147,0.35,293,55,21,25,0.883248730964467,0.822533929162529,0.9331210191082803,0.9213836477987422,0.9272151898734177,0.6327263797469592,1.0,1.0,1.0,1.0,1.0
lq_estimators-eos3l5f,1581,394,0,0,0,0,0.9040466732869911,0.9732285192776494,0.4,283,53,23,35,0.8527918781725888,0.7936527639854353,0.9248366013071896,0.889937106918239,0.907051282051282,0.5563939454379416,1.0,1.0,1.0,1.0,0.99
lq_estimators-eos8aa5,1581,394,0,0,0,0,0.9233697451175107,0.9795744447725223,0.4,289,58,18,29,0.8807106598984772,0.8359814630916915,0.9413680781758957,0.9088050314465409,0.9248,0.6392001301357618,1.0,1.0,1.0,1.0,1.0
lq_estimators-eos4ex3,1581,394,0,0,0,0,0.9121979476994373,0.9757749972587721,0.4,286,56,20,32,0.868020304568528,0.818106587222774,0.934640522875817,0.89937106918239,0.9166666666666666,0.6027274415283775,1.0,1.0,1.0,1.0,1.0
lq_estimators-eos82v1,1581,394,0,0,0,0,0.9311486262826879,0.9825021215627894,0.4,282,57,19,36,0.8604060913705583,0.8183962264150944,0.9368770764119602,0.8867924528301887,0.9111470113085622,0.5916890629100598,1.0,1.0,1.0,1.0,1.0
lq_estimators-eos9o72,1581,394,0,0,0,0,0.9188182720953326,0.9775705120166038,0.5,282,61,15,36,0.8705583756345178,0.8447120158887786,0.9494949494949495,0.8867924528301887,0.9170731707317074,0.6314554009655596,1.0,1.0,1.0,1.0,1.0
