model,num_train,num_test,num_train_0,num_train_1,num_test_0,num_test_1,auroc,aupr,cutoff,tp,tn,fp,fn,accuracy,balanced_accuracy,precision,recall,f1_score,mcc,precision_at_1,precision_at_5,precision_at_10,precision_at_50,precision_at_100
pooled,10504,2626,0,0,0,0,0.9078535244124256,0.7421039779390192,0.35,281,2088,95,162,0.9021325209444021,0.795396709024899,0.7473404255319149,0.6343115124153499,0.6862026862026862,0.6316539229255249,1.0,0.8,0.9,0.94,0.93
lq_estimators-eos4u6p,10504,2626,0,0,0,0,0.8923261938910253,0.715396134017223,0.55,330,1883,300,113,0.8427265803503428,0.8037477160368081,0.5238095238095238,0.744920993227991,0.6150978564771669,0.5327472351179801,1.0,1.0,1.0,1.0,0.95
lq_estimators-eos3l5f,10504,2626,0,0,0,0,0.8919539350346253,0.7055187434200374,0.55,332,1901,282,111,0.8503427265803504,0.8101278192145545,0.5407166123778502,0.7494356659142212,0.6281929990539262,0.548783794344313,1.0,1.0,0.9,0.98,0.9
lq_estimators-eos8aa5,10504,2626,0,0,0,0,0.8881103623422941,0.6941772758057663,0.55,330,1910,273,113,0.853008377760853,0.809931866288755,0.5472636815920398,0.744920993227991,0.6309751434034416,0.551910123937798,1.0,0.8,0.9,0.9,0.85
lq_estimators-eos4ex3,10504,2626,0,0,0,0,0.8614576622764248,0.6275366521628793,0.55,323,1864,319,120,0.8328255902513328,0.79149522939935,0.5031152647975078,0.7291196388261851,0.5953917050691244,0.5079861015495634,1.0,1.0,1.0,0.84,0.8
lq_estimators-eos82v1,10504,2626,0,0,0,0,0.854402322895264,0.6194406264658164,0.55,315,1842,341,128,0.8214013709063214,0.7774269467845625,0.4801829268292683,0.7110609480812641,0.5732484076433121,0.47997911004623495,0.0,0.8,0.9,0.86,0.8
lq_estimators-eos9o72,10504,2626,0,0,0,0,0.8731817481482707,0.66925781914575,0.55,325,1910,273,118,0.8511043412033511,0.8042885254309672,0.5434782608695652,0.7336343115124153,0.6243996157540826,0.5434501775062575,1.0,1.0,0.9,0.9,0.85
