model,num_train,num_test,num_train_0,num_train_1,num_test_0,num_test_1,auroc,aupr,cutoff,tp,tn,fp,fn,accuracy,balanced_accuracy,precision,recall,f1_score,mcc,precision_at_1,precision_at_5,precision_at_10,precision_at_50,precision_at_100
pooled,9861,2467,0,0,0,0,0.9110725558365642,0.8835186039216388,0.45,906,1120,265,176,0.821240372922578,0.8230012612023463,0.7736976942783945,0.8373382624768947,0.8042609853528628,0.6419360750666874,1.0,1.0,1.0,0.96,0.97
lq_estimators-eos4u6p,9861,2467,0,0,0,0,0.8866532761232375,0.8610398737947896,0.55,876,1100,285,206,0.8009728415079044,0.8019178283296743,0.7545219638242894,0.8096118299445472,0.7810967454302273,0.6003017002180384,1.0,1.0,1.0,1.0,1.0
lq_estimators-eos3l5f,9861,2467,0,0,0,0,0.9001414681996838,0.8736893152557822,0.55,875,1145,240,207,0.8188082691528172,0.8177012084854227,0.7847533632286996,0.8086876155268022,0.7965407373691398,0.6335218527627143,1.0,1.0,1.0,0.98,0.97
lq_estimators-eos8aa5,9861,2467,0,0,0,0,0.8934417477995689,0.8677217838095064,0.55,877,1085,300,205,0.7952979327117957,0.7969647730836731,0.7451146983857264,0.8105360443622921,0.7764497565294378,0.5900521010634103,1.0,1.0,1.0,1.0,0.99
lq_estimators-eos4ex3,9861,2467,0,0,0,0,0.8501104386181493,0.7965675122181861,0.5,911,964,421,171,0.7600324280502635,0.7689941077160226,0.683933933933934,0.8419593345656192,0.7547638773819387,0.5356254899227244,1.0,1.0,0.9,0.96,0.88
lq_estimators-eos82v1,9861,2467,0,0,0,0,0.8556303676171283,0.8155643741645897,0.55,857,1049,336,225,0.7725982975273612,0.7747262390145272,0.7183570829840737,0.7920517560073937,0.7534065934065934,0.5455866282006774,1.0,1.0,1.0,1.0,0.98
lq_estimators-eos9o72,9861,2467,0,0,0,0,0.8841408809731944,0.8555845476413895,0.55,876,1086,299,206,0.7952979327117957,0.7968636767051256,0.745531914893617,0.8096118299445472,0.7762516614975631,0.5898959093768783,1.0,1.0,1.0,1.0,0.99
