model,num_train,num_test,num_train_0,num_train_1,num_test_0,num_test_1,auroc,aupr,cutoff,tp,tn,fp,fn,accuracy,balanced_accuracy,precision,recall,f1_score,mcc,precision_at_1,precision_at_5,precision_at_10,precision_at_50,precision_at_100
pooled,512,512,0,0,0,0,0.9784701936600672,0.9937772405627876,0.65,371,104,13,24,0.927734375,0.9140646976090014,0.9661458333333334,0.9392405063291139,0.9525032092426188,0.8030065398534131,1.0,1.0,1.0,1.0,1.0
lq_estimators-eos4u6p,512,512,0,0,0,0,0.9788813155901763,0.9937620770576269,0.4,374,101,16,21,0.927734375,0.9050416531429191,0.958974358974359,0.9468354430379747,0.9528662420382166,0.7983787010225882,1.0,1.0,1.0,1.0,1.0
lq_estimators-eos3l5f,512,512,0,0,0,0,0.8617981174943199,0.9506580610280401,0.4,356,72,45,39,0.8359375,0.7583252190847127,0.8877805486284289,0.9012658227848102,0.8944723618090452,0.5264469392256691,1.0,1.0,1.0,0.98,0.99
lq_estimators-eos8aa5,512,512,0,0,0,0,0.983468570810343,0.995150148925597,0.4,370,109,8,25,0.935546875,0.9341663961917126,0.9788359788359788,0.9367088607594937,0.9573091849935317,0.8294293171508409,1.0,1.0,1.0,1.0,1.0
lq_estimators-eos4ex3,512,512,0,0,0,0,0.9227307151357784,0.9768993601982088,0.45,350,88,29,45,0.85546875,0.8191063507519203,0.9234828496042217,0.8860759493670886,0.9043927648578811,0.6110988920870404,1.0,1.0,1.0,1.0,1.0
lq_estimators-eos82v1,512,512,0,0,0,0,0.8739803094233474,0.952856766941026,0.35,380,55,62,15,0.849609375,0.7160553932705831,0.8597285067873304,0.9620253164556962,0.9080047789725209,0.5281124811393877,1.0,1.0,1.0,0.98,0.98
lq_estimators-eos9o72,512,512,0,0,0,0,0.9482635507951964,0.9844391219824019,0.45,359,97,20,36,0.890625,0.86896029427675,0.9472295514511874,0.9088607594936708,0.9276485788113695,0.7065707922306946,1.0,1.0,1.0,1.0,1.0
