model,num_train,num_test,num_train_0,num_train_1,num_test_0,num_test_1,auroc,aupr,cutoff,tp,tn,fp,fn,accuracy,balanced_accuracy,precision,recall,f1_score,mcc,precision_at_1,precision_at_5,precision_at_10,precision_at_50,precision_at_100
pooled,461,117,0,0,0,0,0.9893004115226337,0.9966173766729612,0.45,90,20,7,0,0.9401709401709402,0.8703703703703703,0.9278350515463918,1.0,0.9625668449197861,0.8290266722896783,1.0,1.0,1.0,1.0,0.9
lq_estimators-eos4u6p,461,117,0,0,0,0,0.9917695473251029,0.9975504178868517,0.25,90,20,7,0,0.9401709401709402,0.8703703703703703,0.9278350515463918,1.0,0.9625668449197861,0.8290266722896783,1.0,1.0,1.0,1.0,0.9
lq_estimators-eos3l5f,461,117,0,0,0,0,0.9662551440329218,0.9890751615097595,0.25,87,20,7,3,0.9145299145299145,0.8537037037037036,0.925531914893617,0.9666666666666667,0.9456521739130435,0.7499717334584955,1.0,1.0,1.0,1.0,0.88
lq_estimators-eos8aa5,461,117,0,0,0,0,0.9802469135802468,0.9937245027835346,0.15,89,23,4,1,0.9572649572649573,0.9203703703703704,0.956989247311828,0.9888888888888889,0.9726775956284153,0.8772394111463182,1.0,1.0,1.0,1.0,0.9
lq_estimators-eos4ex3,461,117,0,0,0,0,0.962962962962963,0.9882666252049135,0.3,85,20,7,5,0.8974358974358975,0.8425925925925926,0.9239130434782609,0.9444444444444444,0.9340659340659341,0.7042829635548649,1.0,1.0,1.0,1.0,0.9
lq_estimators-eos82v1,461,117,0,0,0,0,0.994238683127572,0.998242360998589,0.25,90,23,4,0,0.9658119658119658,0.9259259259259259,0.9574468085106383,1.0,0.9782608695652174,0.903107323012848,1.0,1.0,1.0,1.0,0.9
lq_estimators-eos9o72,461,117,0,0,0,0,0.9802469135802468,0.9933553356531389,0.15,90,19,8,0,0.9316239316239316,0.8518518518518519,0.9183673469387755,1.0,0.9574468085106383,0.8039020483873397,1.0,1.0,1.0,1.0,0.9
