model,num_train,num_test,num_train_0,num_train_1,num_test_0,num_test_1,auroc,aupr,cutoff,tp,tn,fp,fn,accuracy,balanced_accuracy,precision,recall,f1_score,mcc,precision_at_1,precision_at_5,precision_at_10,precision_at_50,precision_at_100
pooled,967,245,0,0,0,0,0.9464809384164223,0.9476279790162447,0.55,105,110,11,19,0.8775510204081632,0.8779325513196481,0.9051724137931034,0.8467741935483871,0.875,0.7568746731475402,1.0,1.0,1.0,0.98,0.94
lq_estimators-eos4u6p,967,245,0,0,0,0,0.9408824313516395,0.9481235607688103,0.55,110,107,14,14,0.8857142857142857,0.8856971474273527,0.8870967741935484,0.8870967741935484,0.8870967741935484,0.7713942948547055,1.0,1.0,1.0,0.98,0.92
lq_estimators-eos3l5f,967,245,0,0,0,0,0.9358171154358839,0.9461268661333597,0.45,106,101,20,18,0.8448979591836735,0.8447747267395361,0.8412698412698413,0.8548387096774194,0.848,0.6897793569474279,1.0,1.0,1.0,1.0,0.92
lq_estimators-eos8aa5,967,245,0,0,0,0,0.9296187683284457,0.932666651544506,0.45,111,104,17,13,0.8775510204081632,0.8773327112769929,0.8671875,0.8951612903225806,0.8809523809523809,0.7553705762762571,1.0,1.0,1.0,0.98,0.92
lq_estimators-eos4ex3,967,245,0,0,0,0,0.9100906424953347,0.90715537209543,0.45,100,99,22,24,0.8122448979591836,0.8123167155425219,0.819672131147541,0.8064516129032258,0.8130081300813008,0.6245918041194795,1.0,1.0,1.0,0.96,0.85
lq_estimators-eos82v1,967,245,0,0,0,0,0.9162223407091442,0.918191842754371,0.5,100,104,17,24,0.8326530612244898,0.8329778725673154,0.8547008547008547,0.8064516129032258,0.8298755186721992,0.6665780091983009,1.0,1.0,1.0,0.98,0.87
lq_estimators-eos9o72,967,245,0,0,0,0,0.9090909090909091,0.9102245319283155,0.45,97,102,19,27,0.8122448979591836,0.8126166355638496,0.8362068965517241,0.782258064516129,0.8083333333333333,0.6260683633539437,1.0,1.0,1.0,0.96,0.85
