model,num_train,num_test,num_train_0,num_train_1,num_test_0,num_test_1,auroc,aupr,cutoff,tp,tn,fp,fn,accuracy,balanced_accuracy,precision,recall,f1_score,mcc,precision_at_1,precision_at_5,precision_at_10,precision_at_50,precision_at_100
pooled,512,128,0,0,0,0,0.674093781177253,0.8771584767500515,0.65,82,8,23,15,0.703125,0.5517126704356501,0.780952380952381,0.845360824742268,0.8118811881188119,0.11540778544085345,1.0,1.0,1.0,0.9,0.8
lq_estimators-eos4u6p,512,128,0,0,0,0,0.6488194213501829,0.8570874145058838,0.4,82,5,26,15,0.6796875,0.5033255736614566,0.7592592592592593,0.845360824742268,0.8,0.007847591823889766,1.0,1.0,0.9,0.9,0.76
lq_estimators-eos3l5f,512,128,0,0,0,0,0.6425008313934154,0.8419472291224814,0.4,87,6,25,10,0.7265625,0.5452278017958098,0.7767857142857143,0.8969072164948454,0.8325358851674641,0.11717452113108633,1.0,0.8,0.9,0.82,0.79
lq_estimators-eos8aa5,512,128,0,0,0,0,0.691719321582973,0.87109592945752,0.4,80,12,19,17,0.71875,0.6059195211173927,0.8080808080808081,0.8247422680412371,0.8163265306122449,0.21679842461421778,1.0,1.0,1.0,0.9,0.8
lq_estimators-eos4ex3,512,128,0,0,0,0,0.5440638510143,0.8167469856751186,0.45,73,6,25,24,0.6171875,0.47306285334220155,0.7448979591836735,0.7525773195876289,0.7487179487179487,-0.05448470894872038,1.0,1.0,1.0,0.8,0.74
lq_estimators-eos82v1,512,128,0,0,0,0,0.6967076820751579,0.8874151155055958,0.35,89,5,26,8,0.734375,0.5394080478882607,0.7739130434782608,0.9175257731958762,0.839622641509434,0.11177920992711551,1.0,1.0,1.0,0.88,0.81
lq_estimators-eos9o72,512,128,0,0,0,0,0.6754240106418358,0.8789205928490288,0.45,76,12,19,21,0.6875,0.5853009644163618,0.8,0.7835051546391752,0.7916666666666666,0.16708285149451033,1.0,1.0,1.0,0.88,0.79
